Keine Linke Bremse, Rechte Bremse Vorhanden, Rechte Bremssohle in Guter Qualit√§t

https://rwfiles.blob.core.windows.net/picturebrakeblockstitched/brakeblock_stitched/13548CDEA94179A19356DD8BCFF098F40E6962B5B8A3A9911305943C3BFA7A5D.webp
https://rwfiles.blob.core.windows.net/picturebrakeblockstitched/brakeblock_stitched/110E8FB3F39E6DC4135FCC464D5260F5834148CA57A4F89A5589D28AD348A551.webp
https://rwfiles.blob.core.windows.net/picturebrakeblockstitched/brakeblock_stitched/37F2FAA988C0B1DE5FE54F8B989296FEF5E56A8F6F9365061D8C9D3409F76A03.webp
https://rwfiles.blob.core.windows.net/picturebrakeblockstitched/brakeblock_stitched/CD17B468562FAFC64885ED9FB159A376351D686AD6CC8978A69B04DE58478D1F.webp
https://rwfiles.blob.core.windows.net/picturebrakeblockstitched/brakeblock_stitched/750AF44D9E63F29C8C6555E6C4CC6EAE12AD0F99175ED28EC556298888D8ABF4.webp
https://rwfiles.blob.core.windows.net/picturebrakeblockstitched/brakeblock_stitched/A5E9379D70846F5E42453F3E191DF27E6E1D63F9DB6DA7E6840E82B3111EFEB0.webp
https://rwfiles.blob.core.windows.net/picturebrakeblockstitched/brakeblock_stitched/3D0954964DD72B430B4F29B3B5A9031211DF47E5E01D0A0D72F66F815CD7BB7E.webp
https://rwfiles.blob.core.windows.net/picturebrakeblockstitched/brakeblock_stitched/2FACE0A43F8AEAC0B4C51FF12657DE9505C08E74340D707C16D7DC5421E63E87.webp
https://rwfiles.blob.core.windows.net/picturebrakeblockstitched/brakeblock_stitched/AF2E6BEEE3D6633D696D3D8AE02CD45C45D495175168C5767E34A0F720A2AD40.webp
https://rwfiles.blob.core.windows.net/picturebrakeblockstitched/brakeblock_stitched/4E328C61DB1C6F256529FAEA6B8779E39369FB678D03CDCA11472297D779C0FF.webp
https://rwfiles.blob.core.windows.net/picturebrakeblockstitched/brakeblock_stitched/A7D2B70B0D6D59B42E84C788374C064340C2B52E61B0C3C15CD76B1636221B90.webp
https://rwfiles.blob.core.windows.net/picturebrakeblockstitched/brakeblock_stitched/FB308CAFD0A420525B80A390FB95299DFB81F07867B2451FEEACF8C858BAD580.webp
https://rwfiles.blob.core.windows.net/picturebrakeblockstitched/brakeblock_stitched/AF84884602216CF616D778BEBCA1634AF8F4A9FFDB37D653B54B0D678CA14A73.webp
https://rwfiles.blob.core.windows.net/picturebrakeblockstitched/brakeblock_stitched/E6A33765517F540103A4029DF72DA207E562B72CDEF5EE59611DD8E955A2FF54.webp
https://rwfiles.blob.core.windows.net/picturebrakeblockstitched/brakeblock_stitched/1885138FE6032B48E413D2F072D431D5A77DCE302565237604CA6666C90EEBCD.webp
https://rwfiles.blob.core.windows.net/picturebrakeblockstitched/brakeblock_stitched/126C64A82A28B4AEDBF768EFF8416BA0AE2FD56A37280765C5A137B8B5BE27B5.webp
https://rwfiles.blob.core.windows.net/picturebrakeblockstitched/brakeblock_stitched/905BCB7F330C62A6D46EFF925FF2F4E7B2046569E2ABD6619F9E9D633A8AA930.webp
https://rwfiles.blob.core.windows.net/picturebrakeblockstitched/brakeblock_stitched/65795D855D79F7B604AD8D687819E9B365516C0DED21B01A9186D6C6F4C7572D.webp
https://rwfiles.blob.core.windows.net/picturebrakeblockstitched/brakeblock_stitched/0C1BEE263355A74EFCD5220BBC85B801EE04EB16429E49167246F004C1CC9509.webp
https://rwfiles.blob.core.windows.net/picturebrakeblockstitched/brakeblock_stitched/D5FE08F61AFF974F0300FF3412C17A5063247010265B63E336D6782CE077EF51.webp
https://rwfiles.blob.core.windows.net/picturebrakeblockstitched/brakeblock_stitched/887027A5B3D2D98841FE3ECAE618B9AF793C6D98C7DD32501C7823A782BBF10A.webp
https://rwfiles.blob.core.windows.net/picturebrakeblockstitched/brakeblock_stitched/1F34E79D4FFF75CD87B9A0E6E48F7FFF1FBECB6928CE06B9A8B2E912C4B7CA78.webp
https://rwfiles.blob.core.windows.net/picturebrakeblockstitched/brakeblock_stitched/EBEE1EF766FE1944D1487527CE275AED2C2538D0ED1322DF9C0CB27F98ED2921.webp
https://rwfiles.blob.core.windows.net/picturebrakeblockstitched/brakeblock_stitched/6836161BD5A0FFD94C2EE74F8C7F473CD5D04B38E19FB0A4AE5FFF7453DB6A16.webp
https://rwfiles.blob.core.windows.net/picturebrakeblockstitched/brakeblock_stitched/643DFDC7BD66C6D4836A1D1AC9E07E4F1149B4B703A308DA622128D20538B92C.webp
https://rwfiles.blob.core.windows.net/picturebrakeblockstitched/brakeblock_stitched/D0CC1C46B38904E2B285555868D941FA5A0AFB49DB8FF0A4DEE12CE98FA6EF0D.webp
https://rwfiles.blob.core.windows.net/picturebrakeblockstitched/brakeblock_stitched/39F30E7328512D0B8881096EE10FF3BD09B461FAE51D88119E9E29A00769C804.webp
https://rwfiles.blob.core.windows.net/picturebrakeblockstitched/brakeblock_stitched/53B525ACC6BD4D16C41F3B4F6F3A99A29BFBA8CDF1BAAD2E2E367E2A27123A7E.webp
https://rwfiles.blob.core.windows.net/picturebrakeblockstitched/brakeblock_stitched/251345A6D6582EE7FE2C91F169FCF9ED3385089C2D65FB73E1716DD912B315B2.webp
https://rwfiles.blob.core.windows.net/picturebrakeblockstitched/brakeblock_stitched/79637E169B6D0F8DAA0EC0580BEC3AAB8AB4FE30AA2B28EBBB02508B35D4F07B.webp
https://rwfiles.blob.core.windows.net/picturebrakeblockstitched/brakeblock_stitched/94E538B78047D3DA9ACE191E86B68C3E95D6A10009916B890EEDE3298919556D.webp
https://rwfiles.blob.core.windows.net/picturebrakeblockstitched/brakeblock_stitched/DD53FB5C0C5626C0EA6F736DF4DDA8B85D5065B2818426D6CAC24AEAF0EFD3FB.webp
https://rwfiles.blob.core.windows.net/picturebrakeblockstitched/brakeblock_stitched/964DDFF443E50852285DB77853A9C1CFAA7CF7366CAA96072A4F5C34B2871055.webp
https://rwfiles.blob.core.windows.net/picturebrakeblockstitched/brakeblock_stitched/4B97E078ACAB9E69612528632C954D85A55CCE9DF2875C2E2E93D9F5AFFDD878.webp
https://rwfiles.blob.core.windows.net/picturebrakeblockstitched/brakeblock_stitched/A35D1E3F9041733F6FF8532E694C317DCA1EBB55F7DAA871EE04AE0A0F0F32B5.webp
https://rwfiles.blob.core.windows.net/picturebrakeblockstitched/brakeblock_stitched/3B88056F815C2E9E4A2157437E6872ED814556EB07CD2C59B9D40612A0AA23A6.webp
https://rwfiles.blob.core.windows.net/picturebrakeblockstitched/brakeblock_stitched/F32D5D6E6C246453E6AED2E4A473A48CF0EA93195A2BC67B8F5AFC958F688EC0.webp
https://rwfiles.blob.core.windows.net/picturebrakeblockstitched/brakeblock_stitched/0D5ABC96B778FEE9C2069403D60106E71442E4F1E5EA765F4BE98F16C158B028.webp
https://rwfiles.blob.core.windows.net/picturebrakeblockstitched/brakeblock_stitched/5B060B3315CA22AA8B43301CB01A87E8CD4A21D60CBE78D446C02C541D2A5B36.webp
https://rwfiles.blob.core.windows.net/picturebrakeblockstitched/brakeblock_stitched/DF21AFAAA6DCDB0A98665685632CA76BA37C0D5907E146B6A6DDD510C77514FF.webp
https://rwfiles.blob.core.windows.net/picturebrakeblockstitched/brakeblock_stitched/A66696C2C680B5255120598C371AD59FB99510B825C79550FC15AD8ED2667614.webp
https://rwfiles.blob.core.windows.net/picturebrakeblockstitched/brakeblock_stitched/314D3A7C8BA28573C000EF3CA1BF571677955C4330883EC0AB8FE90EE6A18499.webp
https://rwfiles.blob.core.windows.net/picturebrakeblockstitched/brakeblock_stitched/216ECCB908A2B5216D8ED10CCEDFE5647EE661CC3C949AAB12C136C70229313E.webp
https://rwfiles.blob.core.windows.net/picturebrakeblockstitched/brakeblock_stitched/EB6257B665FBBBC2CA2B73AF43A0CA162026F792D1AC808B38389C96012BA01A.webp
https://rwfiles.blob.core.windows.net/picturebrakeblockstitched/brakeblock_stitched/337C8F3794C9ED1D03EF86BF592B7F3BDCE94483674B23873D828E4A128D1268.webp
https://rwfiles.blob.core.windows.net/picturebrakeblockstitched/brakeblock_stitched/2402F1BC8F58236E77E66F8AC41973E3CA5545F95A533778A4C597367D045F7C.webp
https://rwfiles.blob.core.windows.net/picturebrakeblockstitched/brakeblock_stitched/E0EC5D5CBD09557530493A6C067CE62947BE702A89B992C57DEB26D025D98444.webp
https://rwfiles.blob.core.windows.net/picturebrakeblockstitched/brakeblock_stitched/34BFA9199183CDD12BDC4CF5FA4AF6B069AAD65CCB64E6F92132C42227DA3E67.webp
https://rwfiles.blob.core.windows.net/picturebrakeblockstitched/brakeblock_stitched/922B15B6B77728790EF28D48B763FBFA191C22EFC7482694CEE5AB3E51AB1263.webp
https://rwfiles.blob.core.windows.net/picturebrakeblockstitched/brakeblock_stitched/DF8354CC99B55CFEEF8336E2322E97045958657EE0B59EDD36DB34616A4E04CE.webp
https://rwfiles.blob.core.windows.net/picturebrakeblockstitched/brakeblock_stitched/FDDC3FB074DB7625E65F91FCC2D4C5652C3959EDACAE0ADFAAFA29862D9C5851.webp
https://rwfiles.blob.core.windows.net/picturebrakeblockstitched/brakeblock_stitched/4DCCD77BCE7F2430E575C9FB839A15D55385311624E36484FF17D87666779033.webp
https://rwfiles.blob.core.windows.net/picturebrakeblockstitched/brakeblock_stitched/D160AC9FB86CAD78D579FBA3B1123EA22864A64148E57D8AD71C65249BD629D0.webp
https://rwfiles.blob.core.windows.net/picturebrakeblockstitched/brakeblock_stitched/2D5BED9FFD928FEA74978FB9D9321B9F3DA77085E9B625032CD4B81CF4F8D848.webp
https://rwfiles.blob.core.windows.net/picturebrakeblockstitched/brakeblock_stitched/74E5E07E7F3B867D59FA34ECFF730D3D1527A247075AB8447E42A34DA416EE70.webp
https://rwfiles.blob.core.windows.net/picturebrakeblockstitched/brakeblock_stitched/C7B2EA99F7986FFD288069C3F363854A436A897A3EF93BE7A52EC5D33E459F5C.webp
https://rwfiles.blob.core.windows.net/picturebrakeblockstitched/brakeblock_stitched/903ED2C6617A8008AFDFAD3C02CD989CA0EAFDD8D309751FA2A3F6B4023478AB.webp
https://rwfiles.blob.core.windows.net/picturebrakeblockstitched/brakeblock_stitched/27CA2C8641A658AB4A50CEDCE633DFAFE160B1909BCC16B3F978D32D0F8B5D6A.webp
https://rwfiles.blob.core.windows.net/picturebrakeblockstitched/brakeblock_stitched/B10E1F7099B7B8B09CA9C672350EDC4F56C1593325A421C0DDC1D7F609E1A8AA.webp
https://rwfiles.blob.core.windows.net/picturebrakeblockstitched/brakeblock_stitched/F20B5E0AD78A5342F5641C7BBFDB50080E4E1529CBBE813BD9CF2303B7F9D0EA.webp
https://rwfiles.blob.core.windows.net/picturebrakeblockstitched/brakeblock_stitched/1A20E03869F3FC653CADAA764EE0CBA8835C9BBEB4EC760C2D80F14A80975BD4.webp
https://rwfiles.blob.core.windows.net/picturebrakeblockstitched/brakeblock_stitched/7194E80597721B44B7C0227A60E9AC802332029AF5E1BBF2BE8456E02B252115.webp
https://rwfiles.blob.core.windows.net/picturebrakeblockstitched/brakeblock_stitched/5B103DE2E259F94E5214ECD9D3138E576E5603F97AD69FFE13A7D87288372558.webp
https://rwfiles.blob.core.windows.net/picturebrakeblockstitched/brakeblock_stitched/1EFC931C238DBA5BFCDB1CB2A5E81319A1416608EC27CD2C229131562E91D9F8.webp
https://rwfiles.blob.core.windows.net/picturebrakeblockstitched/brakeblock_stitched/8BC928F361D67A91EC1AE3A95462485E187726E66F6BE05A4C9A2F6A40377124.webp
https://rwfiles.blob.core.windows.net/picturebrakeblockstitched/brakeblock_stitched/6AD1BD16B7A5F828BEA43CCE1BA12FC59966C701AD330FA0F8BA4D49B683B110.webp
https://rwfiles.blob.core.windows.net/picturebrakeblockstitched/brakeblock_stitched/BBA3C10BB5EB5845F4376744A863C27BCE58170143EF6EA6967176FA75CFA9A5.webp
https://rwfiles.blob.core.windows.net/picturebrakeblockstitched/brakeblock_stitched/4936598B4B1FE1D9AD461A5884484F8086514E849E45D1669B6B910B6AAD28EE.webp
https://rwfiles.blob.core.windows.net/picturebrakeblockstitched/brakeblock_stitched/A32CB92C6FE7C311BE77E7DFAF2ABC93F272AABDBC31F6A620A8C4875B73E549.webp
https://rwfiles.blob.core.windows.net/picturebrakeblockstitched/brakeblock_stitched/FFC3FBE604F9D8B3261A0564836A489799F01B8C7FF86389BA55BD480D64EDBF.webp
https://rwfiles.blob.core.windows.net/picturebrakeblockstitched/brakeblock_stitched/0481D7ED497281AFB5CE620BF63461674820818369ED9F944F88C3D140F50EE9.webp
https://rwfiles.blob.core.windows.net/picturebrakeblockstitched/brakeblock_stitched/D67242EB3C70F705B93DB72D5074C3DD5EA2253BC39F2392851046B01CF9B9E9.webp
https://rwfiles.blob.core.windows.net/picturebrakeblockstitched/brakeblock_stitched/71E6926E8BA42413DD71C2AE7480A0D0D8D90B6694C4BAC73413DAA1D948F2AF.webp
https://rwfiles.blob.core.windows.net/picturebrakeblockstitched/brakeblock_stitched/E9182BBC00C905623EE4ECA6403DED573D64E8B4BC7B5B0DD0080DA3B98737D0.webp
https://rwfiles.blob.core.windows.net/picturebrakeblockstitched/brakeblock_stitched/44B81C45A75A647A94DEBF7286F66BE357C3C442287182ECC93F30E47A4E5D03.webp
https://rwfiles.blob.core.windows.net/picturebrakeblockstitched/brakeblock_stitched/2B5672A00879F18F130E6DD877B4C093AAE589741BC839F0A62A195CD1C13FC1.webp
https://rwfiles.blob.core.windows.net/picturebrakeblockstitched/brakeblock_stitched/2797B4CE06BCACCADFB5C78C9CE990C0CBDCD2F65203809D222182EC31905F36.webp
https://rwfiles.blob.core.windows.net/picturebrakeblockstitched/brakeblock_stitched/FE27C2E260B168DA56F78C4B46C73C08674375F9699B771C59A7430C762DF8F2.webp
https://rwfiles.blob.core.windows.net/picturebrakeblockstitched/brakeblock_stitched/D5C9B00AAC5098763E86E4663A789A7BBAC775BED570D198748E327A99CB4446.webp
https://rwfiles.blob.core.windows.net/picturebrakeblockstitched/brakeblock_stitched/94311F0EF08EAEE79BD8C59A9AEB765DDDAB5718838B893E760163890A374EE4.webp
https://rwfiles.blob.core.windows.net/picturebrakeblockstitched/brakeblock_stitched/903A14DC51F7222873B2787AF674491835B3E588ABA35D8E474F8E05200A5B86.webp
https://rwfiles.blob.core.windows.net/picturebrakeblockstitched/brakeblock_stitched/17896DA269C086770E339BFAA701D96037B626DD49D80EA71707BF35A7639007.webp
https://rwfiles.blob.core.windows.net/picturebrakeblockstitched/brakeblock_stitched/A066C973B47874B89B496B36BB085CBB2210C2ADFB09A2D109978288BF9D54A5.webp
https://rwfiles.blob.core.windows.net/picturebrakeblockstitched/brakeblock_stitched/A6B1832AC66D97869A584A616F0FAE0FB2CE31A8137BAA29FC75189DE66B4DCA.webp
https://rwfiles.blob.core.windows.net/picturebrakeblockstitched/brakeblock_stitched/5A48CCC3E1F481FF1BC824A8B4B883A4577A8B06269182945FAECDA97DB77342.webp
https://rwfiles.blob.core.windows.net/picturebrakeblockstitched/brakeblock_stitched/9604C1B4E71EB3103B40FA676E383A1700F3935B8F88B924184626D6C0ACF457.webp
https://rwfiles.blob.core.windows.net/picturebrakeblockstitched/brakeblock_stitched/A327A1C2613711CA802D80E155FAB5DABF0F6FEED9FF50DBA52E9D7EC9AF787A.webp
https://rwfiles.blob.core.windows.net/picturebrakeblockstitched/brakeblock_stitched/EB051364B65ACAB3861FEB41022D42A5842E43F2DBF57E4A8FD489292A9B0947.webp
https://rwfiles.blob.core.windows.net/picturebrakeblockstitched/brakeblock_stitched/02A28AED11927104E12EBA817F33D750E950D776ADF9B901E43FB1DEAB9FC14C.webp
https://rwfiles.blob.core.windows.net/picturebrakeblockstitched/brakeblock_stitched/AA2932583E83A3F1C9BEC0BD01EA927F65909FAA4EB5BC1C27BBC9631344BCAC.webp
https://rwfiles.blob.core.windows.net/picturebrakeblockstitched/brakeblock_stitched/6C9F52AB26888217E74E5F904E37FD750CB7D95BFD7919A9BB50D5AC96DB8B81.webp
https://rwfiles.blob.core.windows.net/picturebrakeblockstitched/brakeblock_stitched/15752B0A2B44C7A4BD543547373C4CD523CCF1795F154B27C85D4DB35F7B86A4.webp
https://rwfiles.blob.core.windows.net/picturebrakeblockstitched/brakeblock_stitched/A0246A98DBE33994F4987A4AA8CCB672E23FD08A64BD05F7CCFD106904EA57B7.webp
https://rwfiles.blob.core.windows.net/picturebrakeblockstitched/brakeblock_stitched/9371BA4C1B913615B8A401A1D460A0917BD174C0F65671E67F1974450DA5BFAA.webp
https://rwfiles.blob.core.windows.net/picturebrakeblockstitched/brakeblock_stitched/9BE43B57491ADF908F12D25788C803E4882788AFE3E1A8100297BAA896B8AFA8.webp
https://rwfiles.blob.core.windows.net/picturebrakeblockstitched/brakeblock_stitched/FC930B211BFF42E4D3ADC3F50E2355014DE819D5386BDA98A41DFE3BE561D00E.webp
https://rwfiles.blob.core.windows.net/picturebrakeblockstitched/brakeblock_stitched/05497BF742865A0AC7BC978DBC0C04C04A74B6A1DC8BAB79B632CBA174CD21D8.webp
https://rwfiles.blob.core.windows.net/picturebrakeblockstitched/brakeblock_stitched/450B9D252B956B6880D3D990FA3E2D01C408473F34566BD2B441C3715B17ED90.webp
https://rwfiles.blob.core.windows.net/picturebrakeblockstitched/brakeblock_stitched/D2FFBB8F2C1BB392B986573FB6D82EBE6B9D94C3A084AEB54E0CE5EC0BD953BB.webp
https://rwfiles.blob.core.windows.net/picturebrakeblockstitched/brakeblock_stitched/7738BB7076F443759B1A9462C47B6AC4F85CA366F85F4B389F1BA1B446579D0D.webp
https://rwfiles.blob.core.windows.net/picturebrakeblockstitched/brakeblock_stitched/67080CB7D5E4F20200233238E998EDD26BEB7C02FE4EAA1F8B83FB69C5366CF5.webp
https://rwfiles.blob.core.windows.net/picturebrakeblockstitched/brakeblock_stitched/BA4C2380190858730098278D72222D2FCD0CC4CC4F59AC669C88444CED036581.webp
https://rwfiles.blob.core.windows.net/picturebrakeblockstitched/brakeblock_stitched/CD47F76864FF130263D9B28A716233D170A8C7F2AA96A65CDB963CCCDB285C10.webp
https://rwfiles.blob.core.windows.net/picturebrakeblockstitched/brakeblock_stitched/4EAF90E1AE505567E93A664857A024A356C7C5EFB06A75494EC0A8911553F4E7.webp
https://rwfiles.blob.core.windows.net/picturebrakeblockstitched/brakeblock_stitched/F46FEAE0B34204A6145C2B0235340607C242E76F5F669C50ABE229DC5723FFBC.webp
https://rwfiles.blob.core.windows.net/picturebrakeblockstitched/brakeblock_stitched/C69B442864551E41FEB82AD7B2B03CD1E92433406803AC75300B8ADD93024363.webp
https://rwfiles.blob.core.windows.net/picturebrakeblockstitched/brakeblock_stitched/0EA86A2DD697419EDF2EE7C6CA87A61D18D9FCF15FFC29D5A8912D3C7A690CCC.webp
https://rwfiles.blob.core.windows.net/picturebrakeblockstitched/brakeblock_stitched/E2C1FF5FCE442A1FA16DD6918C0180EFDA5820C3AD5043E783110A5DCF69025C.webp
https://rwfiles.blob.core.windows.net/picturebrakeblockstitched/brakeblock_stitched/6073446AA3A470729D168BD922CF91BDE130A358FB1E93847F6068C8A74DC0C2.webp
https://rwfiles.blob.core.windows.net/picturebrakeblockstitched/brakeblock_stitched/F83ACDE58C55316462C4E98758C89E8A4F22FA4156FC4A890182B13315AF6EFD.webp
https://rwfiles.blob.core.windows.net/picturebrakeblockstitched/brakeblock_stitched/5C128624DA6A4164F7070C813F59FF1F31933ACFE082975763FC72FBA32344D7.webp
https://rwfiles.blob.core.windows.net/picturebrakeblockstitched/brakeblock_stitched/9F4A7750B5FFBC780828F56361594FD928A80DD5DDDDE70B65B74CBA466A7109.webp
https://rwfiles.blob.core.windows.net/picturebrakeblockstitched/brakeblock_stitched/639ED5CD62DE28FBA423E93607B52CB347F2DAD74E8416967A39B77CDE199F55.webp
https://rwfiles.blob.core.windows.net/picturebrakeblockstitched/brakeblock_stitched/B693ADED3E46BD23A3F5CD6EEEA524BF0C1C274FB4437C85A177B76C246C131B.webp
https://rwfiles.blob.core.windows.net/picturebrakeblockstitched/brakeblock_stitched/18743A9DB3BD1D7E41D0F1F6818F78F642F011CE1D2CAF97AC4614F5A8D1CE78.webp
https://rwfiles.blob.core.windows.net/picturebrakeblockstitched/brakeblock_stitched/8D0A93439967AF2E726805C073DAA4ED267B5F5BF20ACCB797FC785041212BE6.webp
https://rwfiles.blob.core.windows.net/picturebrakeblockstitched/brakeblock_stitched/9936F7E78E2202351162484B89FC7EC00989A5E78D4B078AD8BFD465A76763BA.webp
https://rwfiles.blob.core.windows.net/picturebrakeblockstitched/brakeblock_stitched/4C2259E212663963889DE8BA51513FB88957383AF1E3F03D1843F24C7CFCE521.webp
https://rwfiles.blob.core.windows.net/picturebrakeblockstitched/brakeblock_stitched/67C2768F877AB14467E53D1907B1776EA5292A37044066BD8E566F08E038CCB1.webp
https://rwfiles.blob.core.windows.net/picturebrakeblockstitched/brakeblock_stitched/D5D6AD07EFCDF4A4A63D0C0BBA12FF2A362C54DF3BA35F3E3D2F6AE24B10403F.webp
https://rwfiles.blob.core.windows.net/picturebrakeblockstitched/brakeblock_stitched/35B2C125BA0E30F5BA9B310E3796181E8768E6FF6B87F763E33355A4A0E0B80E.webp
https://rwfiles.blob.core.windows.net/picturebrakeblockstitched/brakeblock_stitched/883C9F043FDBEDBAE56368431BFFB1EBC0D23A2681496F1E6E9B65688181A254.webp
https://rwfiles.blob.core.windows.net/picturebrakeblockstitched/brakeblock_stitched/A5FAD3FB61422779C4642FB986551F1DC92A4EA11099B137576228623A27FC13.webp
https://rwfiles.blob.core.windows.net/picturebrakeblockstitched/brakeblock_stitched/E4F33CCE03FDC3662E827934F954DB87C02A167259EAB8047952E04D364B41BD.webp
https://rwfiles.blob.core.windows.net/picturebrakeblockstitched/brakeblock_stitched/061BC8D0B635E0621F828EF4482F756FC6AEE3EA40400C5612DBBDF9FFA2F999.webp
https://rwfiles.blob.core.windows.net/picturebrakeblockstitched/brakeblock_stitched/D735F20A21FAD50C4FE2EBECE6DD3BD84721A60621CA33E447FA94C70CD72881.webp
https://rwfiles.blob.core.windows.net/picturebrakeblockstitched/brakeblock_stitched/E9D1BF38DB8EB72F4954A0DCB390A30968D9A4D6E4536897BBE5A37285EE85AB.webp
https://rwfiles.blob.core.windows.net/picturebrakeblockstitched/brakeblock_stitched/F31D433E62D2EEB2695B5504AEAE5E02620318DD8471C5C7CEE268F94CD77245.webp
https://rwfiles.blob.core.windows.net/picturebrakeblockstitched/brakeblock_stitched/12212AA4219FACD701BBF00998D9EF2C4E7242777E6DEE323593EA9AE019D5BF.webp
https://rwfiles.blob.core.windows.net/picturebrakeblockstitched/brakeblock_stitched/BE53A62D60B5CC8D9BBDF1102D0104C0F9BCEADA58DF23C55AB98D6FFA82F47E.webp
https://rwfiles.blob.core.windows.net/picturebrakeblockstitched/brakeblock_stitched/FFD0A62FC38DAF647B428A02E480D657241FC275156425AECE3E350749E9683F.webp
https://rwfiles.blob.core.windows.net/picturebrakeblockstitched/brakeblock_stitched/930762B943D8D1FBD27F128797FF21C9D740F917332A6774ECFB73FA788A7B12.webp
https://rwfiles.blob.core.windows.net/picturebrakeblockstitched/brakeblock_stitched/441CFF11E121E018603B86DBEEAFFE656EFD35883A6697022D2CE6A9621EC9B7.webp
https://rwfiles.blob.core.windows.net/picturebrakeblockstitched/brakeblock_stitched/ABD0B2C03E37FDB77E74044DEE3BB6802BB5B736D15CB7BC331E692D9402D40C.webp
https://rwfiles.blob.core.windows.net/picturebrakeblockstitched/brakeblock_stitched/009D5D8DB3556A1EF127F94A4CF22269F5C57BA5EBE7CAF1598D986376D6B31E.webp
https://rwfiles.blob.core.windows.net/picturebrakeblockstitched/brakeblock_stitched/8A581DE8437F9A6F6A24A4BB3D31116B86C083A57EEC8B4C8EC3B90BD7FAD0A3.webp
https://rwfiles.blob.core.windows.net/picturebrakeblockstitched/brakeblock_stitched/F04F567500F36048F1DF908833D92D94F76E2EBF4F84500ACCF725B8D44F7710.webp
https://rwfiles.blob.core.windows.net/picturebrakeblockstitched/brakeblock_stitched/58E00B217C9E1095FE38EF488130692E0B6FD17733BF62698A69ABCF6BBDE3BF.webp
https://rwfiles.blob.core.windows.net/picturebrakeblockstitched/brakeblock_stitched/CD5CDA99899A7AA94EB2AFB2777121E7C2FA21FF26392E844CA80C883FBEE960.webp
https://rwfiles.blob.core.windows.net/picturebrakeblockstitched/brakeblock_stitched/7DFFB20BEAC6E7EDF396A04E9A60CFDCB1E6E44DB5AFBA1E6303BC917DFD1237.webp
https://rwfiles.blob.core.windows.net/picturebrakeblockstitched/brakeblock_stitched/07C7CD2BCB9A77E8A15CDEA6F9A7E97194D1A47799091035BF6CCD269188A10C.webp
https://rwfiles.blob.core.windows.net/picturebrakeblockstitched/brakeblock_stitched/1C3AB51C9C98C3CA06127E1BAADF81735DF6BF2148C8983B374375E74922B350.webp
https://rwfiles.blob.core.windows.net/picturebrakeblockstitched/brakeblock_stitched/7C055F1E21FE27B039DF37A131D7DFF88FAAFB51402AEE2D8D35821F3FD69BA0.webp
https://rwfiles.blob.core.windows.net/picturebrakeblockstitched/brakeblock_stitched/4ACB256FE0F059AC5FFF013466CE8970E06F821F8DB3FF384F5A3C3E85A7A371.webp
https://rwfiles.blob.core.windows.net/picturebrakeblockstitched/brakeblock_stitched/937AD485FFDD0B4D823F5F25A8A8DB8532446EA3E164240C1341EA228DC63909.webp
https://rwfiles.blob.core.windows.net/picturebrakeblockstitched/brakeblock_stitched/B036D951BA3C9F9781975A875CED02CB619498BE21BF14024913E2318109DFAD.webp
https://rwfiles.blob.core.windows.net/picturebrakeblockstitched/brakeblock_stitched/D835724009D6B0A656E42D1C818BC3332752B17BD9EB1BFACFE566170C6EE37A.webp
https://rwfiles.blob.core.windows.net/picturebrakeblockstitched/brakeblock_stitched/C61BD1C74BCD84982943DDD410B8025AD95383F259F0AAA9AD155ADF91F0422B.webp
https://rwfiles.blob.core.windows.net/picturebrakeblockstitched/brakeblock_stitched/A885EEC3C1FEFAD2EE278AB573940F5C90EB5D01868EDC3509D29FCD10636387.webp
https://rwfiles.blob.core.windows.net/picturebrakeblockstitched/brakeblock_stitched/A5402A1E913AEB6D29D753FEB61832B2D8CCECF99509B755C5DF52E72A574C3D.webp
https://rwfiles.blob.core.windows.net/picturebrakeblockstitched/brakeblock_stitched/7E413CFADF1721C1541913D8BA59ACAB0C0D259BD576E9280DEEEBCFB0B4343B.webp
https://rwfiles.blob.core.windows.net/picturebrakeblockstitched/brakeblock_stitched/F7EA6EC6C66EA11C78EE78B4C9C9593E585819A7E3AF1C1724961E0B679EF7DA.webp
https://rwfiles.blob.core.windows.net/picturebrakeblockstitched/brakeblock_stitched/4A878C56231B49AE41C68F33C10DCC3263A1ECDF5F2187AC9EAB9E5AAE1D989B.webp
https://rwfiles.blob.core.windows.net/picturebrakeblockstitched/brakeblock_stitched/15F8C4EEF008F65B5028FF51CEBF8C165B3764B00094B8508282358702BBED3B.webp
https://rwfiles.blob.core.windows.net/picturebrakeblockstitched/brakeblock_stitched/91B43A146C8CF58F6DBF6C3E3D18E742E77C68A9155CD81225237390DCC2C19F.webp
https://rwfiles.blob.core.windows.net/picturebrakeblockstitched/brakeblock_stitched/9A998CDA12CAC7FB44F4A0AFAC04170D6B538E5069313AF0385B347282B15961.webp
https://rwfiles.blob.core.windows.net/picturebrakeblockstitched/brakeblock_stitched/C5E2132472E820B4204635677FF1D49906CF9A39256F5D7BA7A426B02FB30A63.webp
https://rwfiles.blob.core.windows.net/picturebrakeblockstitched/brakeblock_stitched/1D2092853C7A59CC6C78A4449C23CC55419EC0935553E0D688D99556C8244758.webp
https://rwfiles.blob.core.windows.net/picturebrakeblockstitched/brakeblock_stitched/1D2092853C7A59CC6C78A4449C23CC55419EC0935553E0D688D99556C8244758.webp
https://rwfiles.blob.core.windows.net/picturebrakeblockstitched/brakeblock_stitched/1E463701CAB41102AF664D8A383C6A4ECE9B1C7511D6C9F6435F259B65F8BAD0.webp
https://rwfiles.blob.core.windows.net/picturebrakeblockstitched/brakeblock_stitched/97848C9EDEB26B7ABF6C64660D95DE442CE1FE2F2C0AF20D98EF49F40228A876.webp
https://rwfiles.blob.core.windows.net/picturebrakeblockstitched/brakeblock_stitched/80576482314603E5B28BF6B1FD2F0422A1EAFCB2C25DF488B84E4426815CA2D1.webp
https://rwfiles.blob.core.windows.net/picturebrakeblockstitched/brakeblock_stitched/06A8C8DD665C0BA0DE73D5663C156ADB5EF56918EF3FAD7166D9EE4C9C9EC8CF.webp
https://rwfiles.blob.core.windows.net/picturebrakeblockstitched/brakeblock_stitched/9D6D9508706D2705A0DBCC82439F0323C8C075F9F71B49C5CCE94F87FCE2AC65.webp
https://rwfiles.blob.core.windows.net/picturebrakeblockstitched/brakeblock_stitched/E1DEC4221B0E0154239C97781E9C458B999CA5A6AA8102781B5E9ECDA903E35E.webp
https://rwfiles.blob.core.windows.net/picturebrakeblockstitched/brakeblock_stitched/76D2472480FEE6C082E36EA1864B48AA0AFB499A2CBF072253BF6432CA1BF553.webp
https://rwfiles.blob.core.windows.net/picturebrakeblockstitched/brakeblock_stitched/2C9666EA79E06662757FF4D202211DE9D3A0EB6705986441467FCEFF27C48BA6.webp
https://rwfiles.blob.core.windows.net/picturebrakeblockstitched/brakeblock_stitched/A1E7978194E8F46B25CAAFB88071FEC0D8D1545F0EF6A837390F3078CC3828CD.webp
https://rwfiles.blob.core.windows.net/picturebrakeblockstitched/brakeblock_stitched/4085622155B774739A6B89039609F7F3F4F3F6C75524B5A01F512B581CAB81EF.webp
https://rwfiles.blob.core.windows.net/picturebrakeblockstitched/brakeblock_stitched/8C74A4428F485B5936F58F2C63B70CF84A31475429B567D8878D2184F154C7C2.webp
https://rwfiles.blob.core.windows.net/picturebrakeblockstitched/brakeblock_stitched/4BB7B6EB18B71A01FCA197E5269F316818980FFFA2CF5FC09FD264C3A1D9C758.webp
https://rwfiles.blob.core.windows.net/picturebrakeblockstitched/brakeblock_stitched/C69C371E49D6F53756FE9950E6AA665E0FDF99E76AFE3BFFE0F51E7EFA44AD60.webp
https://rwfiles.blob.core.windows.net/picturebrakeblockstitched/brakeblock_stitched/BDC96584F8EBFD8828331C6DC9D260A50E912981FE82E0A7D7E3ECCB1E3C5925.webp
https://rwfiles.blob.core.windows.net/picturebrakeblockstitched/brakeblock_stitched/E5036D68DDED0985AD18849E55803AE4D9B1C1FB3F96B956C881845878536754.webp
https://rwfiles.blob.core.windows.net/picturebrakeblockstitched/brakeblock_stitched/0E8707691A7A07E482557EB9F2189A37A97CB0DAD90036884B61DD9F8AAEB46D.webp
https://rwfiles.blob.core.windows.net/picturebrakeblockstitched/brakeblock_stitched/4DDB0EE3B663A41237600BF9BAC658C38F6758A2E2026840D295BC8C5A935420.webp
https://rwfiles.blob.core.windows.net/picturebrakeblockstitched/brakeblock_stitched/F04AC9CAC9A46B8B15B800E19ED9888640619D19845535DE42C5FFA24BBFA10F.webp
https://rwfiles.blob.core.windows.net/picturebrakeblockstitched/brakeblock_stitched/2F47E57A9B5AD2CBEE1E8319A2E6C0CD761CFA5FEF8F469E9CAA071555A15774.webp
https://rwfiles.blob.core.windows.net/picturebrakeblockstitched/brakeblock_stitched/F4F9D61C3A5DFE8455CD92AE82CB3C3EB8A23198938DDF70537C5488DF2742AF.webp
https://rwfiles.blob.core.windows.net/picturebrakeblockstitched/brakeblock_stitched/2C3AEAF73161AA7573B2F723016C2DF388C6CFC7928D49C6D5B2F24BE4672BD1.webp
https://rwfiles.blob.core.windows.net/picturebrakeblockstitched/brakeblock_stitched/595303ED4A196F5A50509E22C87D0EBDCF8F69D7EB294332B174A5AC89CCD478.webp
https://rwfiles.blob.core.windows.net/picturebrakeblockstitched/brakeblock_stitched/240BC1F04F81F58282660DF28248586D72587E8C93965DC1D99B0B00AB6525D9.webp
https://rwfiles.blob.core.windows.net/picturebrakeblockstitched/brakeblock_stitched/35078B8EFB92F4170BA90EE4E3B3E8DB5444A887C05CDDE8818E3FA6EBE1F512.webp
https://rwfiles.blob.core.windows.net/picturebrakeblockstitched/brakeblock_stitched/3EB81F3CFE70A5EE8C37F0069B25E0F5D1BE550D2F0C797DD98FABE3373C5867.webp
https://rwfiles.blob.core.windows.net/picturebrakeblockstitched/brakeblock_stitched/274783EAD98CD64B029FBF34F43DC1B279D91D0068257877B17F6480AEDA28E4.webp
https://rwfiles.blob.core.windows.net/picturebrakeblockstitched/brakeblock_stitched/611EEC9D5F322FE28DBCD272149F35E9F085A9FD875C2E75DD893020DC2944FE.webp
https://rwfiles.blob.core.windows.net/picturebrakeblockstitched/brakeblock_stitched/B43EFF78E7A5C7A6E1C58358439FEC08DD9260E27D2216EB7B84A1B785F7581C.webp
https://rwfiles.blob.core.windows.net/picturebrakeblockstitched/brakeblock_stitched/716A2E7E8C105B9D8636AAA4EF5F3F6B4DE3A85B31B76D0BC8D969A3DE4D16DF.webp
https://rwfiles.blob.core.windows.net/picturebrakeblockstitched/brakeblock_stitched/146D08275CF0D61DD2E2DA56C6FDB28072F5AE7F151ECAA33EE5A1FE22457067.webp
https://rwfiles.blob.core.windows.net/picturebrakeblockstitched/brakeblock_stitched/0A54BECBA67C1E1B3491D5BD8F2B6722C95CA2B6714622C539D74F1621EB332B.webp
https://rwfiles.blob.core.windows.net/picturebrakeblockstitched/brakeblock_stitched/E6CEC706FCB0238A38B71D9749D09F6DD92BFD8D36CD1EE8912009E727A0EE9F.webp
https://rwfiles.blob.core.windows.net/picturebrakeblockstitched/brakeblock_stitched/6C36661786AC39CA6CF358A1ADD96C68178958F6AF382F0AAE67779FFC5CA5C6.webp
https://rwfiles.blob.core.windows.net/picturebrakeblockstitched/brakeblock_stitched/3187FD603E19E5EFB962A9931C917F765790A2D17C87E388287BBCC34260CD03.webp
https://rwfiles.blob.core.windows.net/picturebrakeblockstitched/brakeblock_stitched/D53F01A5BAEE4CA656F4881E0BB32F279C11EB8BE888FF8601731FDC5DFC472F.webp
https://rwfiles.blob.core.windows.net/picturebrakeblockstitched/brakeblock_stitched/A94ED209F47F32649204F4DAE8C2732ADDA33FC87D694426FA554952ADEF6B7B.webp
https://rwfiles.blob.core.windows.net/picturebrakeblockstitched/brakeblock_stitched/F29F049DD181CA8ACD2CCBA8541C4ABBF3248AE95B39243697D65474A1FAFC31.webp
https://rwfiles.blob.core.windows.net/picturebrakeblockstitched/brakeblock_stitched/526B67B7B3DBDF1CF7E8861AE31656C4A439BB0F5946A705AC9307A085138155.webp
https://rwfiles.blob.core.windows.net/picturebrakeblockstitched/brakeblock_stitched/37650581A50775F4FCD7FF793ACE2D344989C4FDCF81BF716080FB17275394AE.webp
https://rwfiles.blob.core.windows.net/picturebrakeblockstitched/brakeblock_stitched/8CF005AE5F87430E0F7654A4A0372A6674FC750714618D5D0E6F08077FBC2711.webp
https://rwfiles.blob.core.windows.net/picturebrakeblockstitched/brakeblock_stitched/E55ED9F939B76B2A62852F3415AE533B0CE4DFF5BBDB59EA44AF466C518F4F07.webp