Linke Bremse Vorhanden, Linke Bremssohle Schlecht, Rechte Bremse Vorhanden, Rechte Bremssohle Schlecht

https://rwfiles.blob.core.windows.net/picturebrakeblockstitched/brakeblock_stitched/EF22A8FDA104A60D440C1EFAABCD3AF14ECE81DA902001512702049A3E3B56FC.webp
https://rwfiles.blob.core.windows.net/picturebrakeblockstitched/brakeblock_stitched/C5A55CB5129BB2116EF05E7AB7946095CB9D43F9590BC5332BF9117D77D6A786.webp
https://rwfiles.blob.core.windows.net/picturebrakeblockstitched/brakeblock_stitched/D02E4221FD6D81FBC4D7976BAE05CD85DFCBEBF533504D7A0B602D245E0A2A0A.webp
https://rwfiles.blob.core.windows.net/picturebrakeblockstitched/brakeblock_stitched/7253A259EF0A9AF09063B746405EB2DDE0A8F91333BD2912FB37A2E61CC12F1B.webp
https://rwfiles.blob.core.windows.net/picturebrakeblockstitched/brakeblock_stitched/83A48B8E2DC40EE695926BF8DB93EA556EEB29A4797EACE6E649FC931058C6ED.webp
https://rwfiles.blob.core.windows.net/picturebrakeblockstitched/brakeblock_stitched/120A99EC98DCB00C17849FCD78D9891CADAFF6C9D936E1AB0A8B7E909FE519C2.webp
https://rwfiles.blob.core.windows.net/picturebrakeblockstitched/brakeblock_stitched/9BFD51E89D7DB7F11987AE600E9C116B7F6057339150A9480C6EA40672432728.webp
https://rwfiles.blob.core.windows.net/picturebrakeblockstitched/brakeblock_stitched/BB691BFA5832C37287FD84F4A1554AFCC4149FBF531CD9F318E09490722C4DE7.webp
https://rwfiles.blob.core.windows.net/picturebrakeblockstitched/brakeblock_stitched/58046C4FA39D3E3FFADEA707F3EB82FFA3963643579F15C7DABD05BC845071D3.webp
https://rwfiles.blob.core.windows.net/picturebrakeblockstitched/brakeblock_stitched/8F419F3DA042AF0D9D2312E7EEACF296D793127F9077F1A3C7F14454EE173CA5.webp
https://rwfiles.blob.core.windows.net/picturebrakeblockstitched/brakeblock_stitched/92140AB918F5F0F588FE3CA7619E68581A91502B9F8D63F2E3F0E535AB70598E.webp
https://rwfiles.blob.core.windows.net/picturebrakeblockstitched/brakeblock_stitched/062543391C7C06EC9C18B283512118E08A5D0D70D5A97C902FA95B133D6B8416.webp
https://rwfiles.blob.core.windows.net/picturebrakeblockstitched/brakeblock_stitched/4BA15621FE65DEB440C0DF5614848EE60DBF5ACA4DD5F1534070B3B45E5E260F.webp
https://rwfiles.blob.core.windows.net/picturebrakeblockstitched/brakeblock_stitched/55E7B8C4726984D833D0D6BA9E9BB0B1F1B70D70BFDEC303DC05F0355A022DBE.webp
https://rwfiles.blob.core.windows.net/picturebrakeblockstitched/brakeblock_stitched/912B174CF768B16A04D7BEF0E90CF8E22ABCD0C7A8A6C35EFD4E6C7CDBB62CF4.webp
https://rwfiles.blob.core.windows.net/picturebrakeblockstitched/brakeblock_stitched/4B2F470015F0256BE7AB8ACCBFB48C142AFD5D630A05C1E1E04080982FFEFC99.webp
https://rwfiles.blob.core.windows.net/picturebrakeblockstitched/brakeblock_stitched/89AE82817BEEA9C0A230E8F57FD65C739E341AC286999721C3A47F252A0BCF4F.webp
https://rwfiles.blob.core.windows.net/picturebrakeblockstitched/brakeblock_stitched/B2ECF12C343BD0BD8820CCEC0AF97B490AE9D42FDFABFB7E4A4C45B119B7CEA7.webp
https://rwfiles.blob.core.windows.net/picturebrakeblockstitched/brakeblock_stitched/5FB1CC69C0A2679DFAB43AB99020EBE8CCEBF4A390F3B397B5F70B2BFD959405.webp
https://rwfiles.blob.core.windows.net/picturebrakeblockstitched/brakeblock_stitched/B825CC0C679099B8DD4D14D417E2B108A1B53A3D483F958E6D4DAA6BA8B8ACAA.webp
https://rwfiles.blob.core.windows.net/picturebrakeblockstitched/brakeblock_stitched/138DCD967E64B30FF8DDF6B2AB58BFA31958C5A366582AEB8D104D973FD1D1AC.webp
https://rwfiles.blob.core.windows.net/picturebrakeblockstitched/brakeblock_stitched/8A04D21A41CE0BA69EEE43508085364C1EC5F7B5309BBCBC5F7BBE06467ED29A.webp
https://rwfiles.blob.core.windows.net/picturebrakeblockstitched/brakeblock_stitched/4E5A0B1AE8B3DBBAE832D9B4B028D13CC5E48A3CA8135CFE41081A73D1061FCC.webp
https://rwfiles.blob.core.windows.net/picturebrakeblockstitched/brakeblock_stitched/CC730B775A2C3EDF8004575F732AC307B843FDC7C46B088AAE4B588C188F1139.webp
https://rwfiles.blob.core.windows.net/picturebrakeblockstitched/brakeblock_stitched/F08CD512B91B161411172581D44C64B800E1EEC611BB557DB766D3247AEC9CEC.webp