Vorhandene Linke Bremse, Linke Bremse Gute Qualität, Rechte Bremssohle schlechte Qualität, Rechte Bremse vorhanden

https://rwfiles.blob.core.windows.net/picturebrakeblockstitched/brakeblock_stitched/34139BADFDBB564441D1034095B4CD1CE512CB6D507D61BC7175EC0F8576867D.webp
https://rwfiles.blob.core.windows.net/picturebrakeblockstitched/brakeblock_stitched/1A32C439F7A4582E4BF1340CC05F6E72CA5A963276A928AF3729DE2A516499D1.webp
https://rwfiles.blob.core.windows.net/picturebrakeblockstitched/brakeblock_stitched/B43A9B0F164C3DB77ABC0953AE9FB7E7243B25110FB03BE4B507FAA41A9CB578.webp
https://rwfiles.blob.core.windows.net/picturebrakeblockstitched/brakeblock_stitched/689E8D6A3788B97432761D971951F39EBDD20929D8708DDB71AAD04BFA8B6DFA.webp
https://rwfiles.blob.core.windows.net/picturebrakeblockstitched/brakeblock_stitched/CEF7BE72E1627239F781DECB526F134C7E881C17AA2850363A791B493CFFFDEE.webp
https://rwfiles.blob.core.windows.net/picturebrakeblockstitched/brakeblock_stitched/12D4DA977B49D2A3DF66B68D23A3CF2A1C9869893444A18399E91B834321A410.webp
https://rwfiles.blob.core.windows.net/picturebrakeblockstitched/brakeblock_stitched/88E28FECE1981F257CC56D455864581C3C249A92485A1EF79CB79322F647B975.webp
https://rwfiles.blob.core.windows.net/picturebrakeblockstitched/brakeblock_stitched/F9C8A1D687756A986B3D001164E8BFAC2D21C802C0B4EF9632C7B1F69F97E6A6.webp
https://rwfiles.blob.core.windows.net/picturebrakeblockstitched/brakeblock_stitched/689E8D6A3788B97432761D971951F39EBDD20929D8708DDB71AAD04BFA8B6DFA.webp
https://rwfiles.blob.core.windows.net/picturebrakeblockstitched/brakeblock_stitched/CEF7BE72E1627239F781DECB526F134C7E881C17AA2850363A791B493CFFFDEE.webp
https://rwfiles.blob.core.windows.net/picturebrakeblockstitched/brakeblock_stitched/F160FFE8C297DCD3A0B1C047F5AE5B4BEB3D1E9A7229D4A85EAF3C9B6FC20262.webp
https://rwfiles.blob.core.windows.net/picturebrakeblockstitched/brakeblock_stitched/689E8D6A3788B97432761D971951F39EBDD20929D8708DDB71AAD04BFA8B6DFA.webp
https://rwfiles.blob.core.windows.net/picturebrakeblockstitched/brakeblock_stitched/CEF7BE72E1627239F781DECB526F134C7E881C17AA2850363A791B493CFFFDEE.webp
https://rwfiles.blob.core.windows.net/picturebrakeblockstitched/brakeblock_stitched/70D4B68B1F0AC7FC2C9FC9D1EA339F608A29BD16680855CECFE705EBF470DD9D.webp
https://rwfiles.blob.core.windows.net/picturebrakeblockstitched/brakeblock_stitched/D6A91AD9A36BFDA187A9C7E622004D751463CA6D427D7EE3CB7AB485C45D0E5B.webp
https://rwfiles.blob.core.windows.net/picturebrakeblockstitched/brakeblock_stitched/8F2519ADAC422B5BD5631565D44850DBB544638E7F529320E39C6226D21AECCF.webp
https://rwfiles.blob.core.windows.net/picturebrakeblockstitched/brakeblock_stitched/E4AACB4DA8BFBC62A134A205487ED37C8AB91BAA7D17E091E93EADF02FD6C08C.webp
https://rwfiles.blob.core.windows.net/picturebrakeblockstitched/brakeblock_stitched/BC4583F0593F4D2B29C2193A4AB1029B3164922A03652FC7A4FDD1612CAA607A.webp
https://rwfiles.blob.core.windows.net/picturebrakeblockstitched/brakeblock_stitched/C0AC3DEA51D7FB0E8E158796E84C2DCD8A463D1DE78CDE796E42A1D5B681B641.webp
https://rwfiles.blob.core.windows.net/picturebrakeblockstitched/brakeblock_stitched/574FA0C0B57ECE1CCDA004F45158E8882FCA61DF51AC584F2CEF5CD83C9BB1FB.webp
https://rwfiles.blob.core.windows.net/picturebrakeblockstitched/brakeblock_stitched/CAB772F7D69098DCBBDCDA79E9716404D9E4497324DC96099198850E77EB6B6B.webp
https://rwfiles.blob.core.windows.net/picturebrakeblockstitched/brakeblock_stitched/E9B0E7A04888D1DD64759FD8953C1C94609DA77378A8150B6E0A20E64AF2B0B7.webp
https://rwfiles.blob.core.windows.net/picturebrakeblockstitched/brakeblock_stitched/5119F8ED8B71C1B6608C1213466DC383306A6B9A99A6AD44E1C70B1D879DC08A.webp
https://rwfiles.blob.core.windows.net/picturebrakeblockstitched/brakeblock_stitched/12A903EC18A77868ED097FA9BE85F1360463FC2B65CF2F2A884B823FB6F5D0D0.webp
https://rwfiles.blob.core.windows.net/picturebrakeblockstitched/brakeblock_stitched/9FC2D644DC95AB63A74F01B678F709DF7277F154A183508B92CEDA2E250F5256.webp
https://rwfiles.blob.core.windows.net/picturebrakeblockstitched/brakeblock_stitched/F37D6F7E0D3AAF342E800E1DE89BE8DE53160A9B4F2039269AC66B8F2404B45D.webp
https://rwfiles.blob.core.windows.net/picturebrakeblockstitched/brakeblock_stitched/DAC5569B118EFCCF6E2F966994D94DA209A7C0863786226DAC879130159E90E9.webp
https://rwfiles.blob.core.windows.net/picturebrakeblockstitched/brakeblock_stitched/5DEF368C97CDF0D5CF7950F8E8977D7C4095BD4E7E42E502F4ABFBE5705AA96A.webp
https://rwfiles.blob.core.windows.net/picturebrakeblockstitched/brakeblock_stitched/48F9A21B9F56BAB893335E9D69E772E544E0D66EDB4225FC191B531C2DBF0D76.webp
https://rwfiles.blob.core.windows.net/picturebrakeblockstitched/brakeblock_stitched/AC20047C910AD9BBD0A0B24E9A788B6B05F4FA4028B591D3B8848765CBDC0983.webp
https://rwfiles.blob.core.windows.net/picturebrakeblockstitched/brakeblock_stitched/81C514D94FC8D5A80DDA894EF39F4442FB6EC54DFCE49141BF01AD06EEB67542.webp
https://rwfiles.blob.core.windows.net/picturebrakeblockstitched/brakeblock_stitched/4C858E1B2780758DD23E3110456AD2BD7203EC1854DF375D87300137D8E4EB44.webp
https://rwfiles.blob.core.windows.net/picturebrakeblockstitched/brakeblock_stitched/9071251D647721A25FEB110561869A4BDAA6B161DADCF6A9803DA0CCC469FE05.webp
https://rwfiles.blob.core.windows.net/picturebrakeblockstitched/brakeblock_stitched/3BBBF291B8E3D15634E7697E7F5B8173A1B46EF362E6B3F529E33DA532C69042.webp
https://rwfiles.blob.core.windows.net/picturebrakeblockstitched/brakeblock_stitched/DB8CA30C999A31DF842385B9A7B5B68F0C332BEDAA91734B989416A6D7525ABF.webp
https://rwfiles.blob.core.windows.net/picturebrakeblockstitched/brakeblock_stitched/913552BD959BA1DFD0504208C6124703C98857B8DE74025E758816AEB217D0F6.webp
https://rwfiles.blob.core.windows.net/picturebrakeblockstitched/brakeblock_stitched/A717D2E7BFD72A3742B85E2C5A4F82070E6D0DE23584C77EB24AC59DA71DDFAF.webp
https://rwfiles.blob.core.windows.net/picturebrakeblockstitched/brakeblock_stitched/92E2E99F86E8E83EFAF81CA4EEB78227AB23AC7E79D51835A57216009D4DDFBD.webp
https://rwfiles.blob.core.windows.net/picturebrakeblockstitched/brakeblock_stitched/B2983FBC1ED0410F0DCEF6501DC8093131C3F7CFD65F829276F880967BA433B0.webp
https://rwfiles.blob.core.windows.net/picturebrakeblockstitched/brakeblock_stitched/AE24528F9E8DCEB0E6172ACE12C3D11F05014DB84FB78F8633ACD3BB47AF2E18.webp
https://rwfiles.blob.core.windows.net/picturebrakeblockstitched/brakeblock_stitched/56B4020CFAB80DD3B043A9398B3C84DC876A2E54A6F2A30DC0B7D26773C52B56.webp
https://rwfiles.blob.core.windows.net/picturebrakeblockstitched/brakeblock_stitched/9EA63635D5AE6A8CDCEB85D9359E395228F0BD2CAE2E452F923DD350C565BE1F.webp
https://rwfiles.blob.core.windows.net/picturebrakeblockstitched/brakeblock_stitched/5D0564638926D1BB4CB6CF95FF98B07C1EE3052E5FC9244ECABA90CCF006DA64.webp
https://rwfiles.blob.core.windows.net/picturebrakeblockstitched/brakeblock_stitched/4E9A63CF68006E6E5B01EA400F61EC97A1B70CBF84DB0D7BBF49A21AA7CB3014.webp
https://rwfiles.blob.core.windows.net/picturebrakeblockstitched/brakeblock_stitched/9C578CD10BDF0B3FB825A4BAC760C39F6DE8897A9D5F917A32DFA9289A87D88D.webp
https://rwfiles.blob.core.windows.net/picturebrakeblockstitched/brakeblock_stitched/0005FADDFF0924A4DBE018A49C2FE21830AD83831B91393D9A84A265A6FD29C0.webp
https://rwfiles.blob.core.windows.net/picturebrakeblockstitched/brakeblock_stitched/0F2574FD4FF14BC65C5FB7FC4487E8320B4549CE92654B51B269F54DD656B572.webp