Vorhandene Linke Bremse, Linke Bremssohle in guter Qualit√§t, Keine Rechte Bremse

https://rwfiles.blob.core.windows.net/picturebrakeblockstitched/brakeblock_stitched/529340D6B9E0A4499AD8BB212C77C2CB3BD73670E2AE9B11CDA1D310F49E21E1.webp
https://rwfiles.blob.core.windows.net/picturebrakeblockstitched/brakeblock_stitched/460B918EBD7D62245FAB960603E7DF40D8C2BBCD080C9CF6E7FA86D7FC52FCEF.webp
https://rwfiles.blob.core.windows.net/picturebrakeblockstitched/brakeblock_stitched/03753821232C72AC6F6093D629087926D2DB92B2EE9E7CAB07E096A9082CD156.webp
https://rwfiles.blob.core.windows.net/picturebrakeblockstitched/brakeblock_stitched/1369E5CA7384C650ED96037579EC7557752FA0B9EDA953E7CE0086F56BFD49A9.webp
https://rwfiles.blob.core.windows.net/picturebrakeblockstitched/brakeblock_stitched/7EB3C2206C0193BE1A0E4598BD33BC177A9F77E1F779E77D1AEFBB77A0FC771F.webp
https://rwfiles.blob.core.windows.net/picturebrakeblockstitched/brakeblock_stitched/55456B4F7899F16291A6294185300BB57F32D70A67C034382BB01986300088A4.webp
https://rwfiles.blob.core.windows.net/picturebrakeblockstitched/brakeblock_stitched/2BC17A65A2DD5D9166D5B3A8F448C5CB49C119ECB3566D6BDE137BD8F3C4F841.webp
https://rwfiles.blob.core.windows.net/picturebrakeblockstitched/brakeblock_stitched/A83B54C494449DA0CA86C14C52216896C73A83BA0D74F2E4741FBCF756FDE41A.webp
https://rwfiles.blob.core.windows.net/picturebrakeblockstitched/brakeblock_stitched/F26A1C95684A0EE672CFF036714B55E443391C1717B82382773FF39786231A0D.webp
https://rwfiles.blob.core.windows.net/picturebrakeblockstitched/brakeblock_stitched/4CC88ED9CFDCAFD972D1F9E8A49FDE5C31846813F541DB0B08C1BBE4A6D32DAC.webp
https://rwfiles.blob.core.windows.net/picturebrakeblockstitched/brakeblock_stitched/B4C4F7E23D5B97F80F4890AF658908B71688FE8147CFCFF5654D95D016E1A7B9.webp
https://rwfiles.blob.core.windows.net/picturebrakeblockstitched/brakeblock_stitched/FCD16C5B4F6E9FE11C6B5ECA806298BDBB4AE6344EB6557BD9B51FDB63A4F4A7.webp
https://rwfiles.blob.core.windows.net/picturebrakeblockstitched/brakeblock_stitched/D03EA13E9A5B9563F7904E69E6DCBDB41E8EB74938E340FB7C173E12ED4E55FA.webp
https://rwfiles.blob.core.windows.net/picturebrakeblockstitched/brakeblock_stitched/3C6E71C28A23F355EE8354AC18D08D8D76C9E010B267D944D2837EA237BD6F0F.webp
https://rwfiles.blob.core.windows.net/picturebrakeblockstitched/brakeblock_stitched/7C146D907D84499DA5409624397C2778BEDE0E1960D7E544674C723DECCF3A46.webp
https://rwfiles.blob.core.windows.net/picturebrakeblockstitched/brakeblock_stitched/B6FA23FC8FDD927B3B7504595431C652BB062A763A8E77445E483D10EF50D2E6.webp
https://rwfiles.blob.core.windows.net/picturebrakeblockstitched/brakeblock_stitched/F21D0C5099487900FE80A418836352AAACA2049F9A0957BC996B7F9BF69EAC78.webp
https://rwfiles.blob.core.windows.net/picturebrakeblockstitched/brakeblock_stitched/295B605B9D9C73E8271FE70C56B07611E1D43CC468C3126DE876367D95B114DF.webp
https://rwfiles.blob.core.windows.net/picturebrakeblockstitched/brakeblock_stitched/85D4C835A9F5B1602ECA3DFCF47FF43F5EED23D9213EB07C91304191C418875F.webp
https://rwfiles.blob.core.windows.net/picturebrakeblockstitched/brakeblock_stitched/F1B96AF2510A2463D99968DC008A33A32BDF919DF8606E1D2EC07F96B2513916.webp
https://rwfiles.blob.core.windows.net/picturebrakeblockstitched/brakeblock_stitched/99027EAD73DBEE8280DD0E0E4EEE3987A99974BF7453786BCADCE631C7718AED.webp
https://rwfiles.blob.core.windows.net/picturebrakeblockstitched/brakeblock_stitched/5F1DB920F3AC4C5D84767EE1943ED86FB4F4EADCA92F5D5F2E440868278096E8.webp
https://rwfiles.blob.core.windows.net/picturebrakeblockstitched/brakeblock_stitched/0A4A845216D511D043BA30D464D9AFC6006F65EAE239B11BD043FFD4F463F729.webp
https://rwfiles.blob.core.windows.net/picturebrakeblockstitched/brakeblock_stitched/51D918A130A8A24CDB88EE9AD36102393B50B987D2D3CBAD8A7D26FB19772584.webp
https://rwfiles.blob.core.windows.net/picturebrakeblockstitched/brakeblock_stitched/2EEA6BEE53AE96EE1F2821D84671A9B651BD59275F695D24989553E9E60E1838.webp
https://rwfiles.blob.core.windows.net/picturebrakeblockstitched/brakeblock_stitched/21E17382CF8A0B0D4988E9A9DF061F6252D4C6ECDBCB9E89A794C35EAEF35682.webp
https://rwfiles.blob.core.windows.net/picturebrakeblockstitched/brakeblock_stitched/E1364084FCE7FF28463B5A42055BFB192A4A51AE41B5AA7C9460B92FA5F7EE6F.webp
https://rwfiles.blob.core.windows.net/picturebrakeblockstitched/brakeblock_stitched/4963A4F9BCE2974D08753328B12617D8805E6C715D9D11FF9F1EB8994B47B846.webp
https://rwfiles.blob.core.windows.net/picturebrakeblockstitched/brakeblock_stitched/26C12A49A30F56214407D8C9E252503A0494AC7DE82B250BB535E248F5A05318.webp
https://rwfiles.blob.core.windows.net/picturebrakeblockstitched/brakeblock_stitched/DEB2D8C479B73F13A82659E78CB721E7A1B4ECC75632B0491759CA23BCCCE85F.webp
https://rwfiles.blob.core.windows.net/picturebrakeblockstitched/brakeblock_stitched/F1CC9E8F2DA4FFDF276E95CB88C8C10CA53B483F6808FDFBDA6243542009FD35.webp
https://rwfiles.blob.core.windows.net/picturebrakeblockstitched/brakeblock_stitched/604F91E28C33912368D69E1B791A62A027F0BC1209842EDDB5F0A6B87D7913BB.webp
https://rwfiles.blob.core.windows.net/picturebrakeblockstitched/brakeblock_stitched/E97D6544D1F25E75A3DC34A6A160E16B0730440ED406798A8310B595CD7D5A1A.webp
https://rwfiles.blob.core.windows.net/picturebrakeblockstitched/brakeblock_stitched/3AEA9A9671A7B0135E33C98A560A00BB55C7A7A7839040CD8527E873C283E891.webp
https://rwfiles.blob.core.windows.net/picturebrakeblockstitched/brakeblock_stitched/2C2730F997491BC1A2507286B6614C28597528CFF74FAFE6FCD2199A31677FCE.webp
https://rwfiles.blob.core.windows.net/picturebrakeblockstitched/brakeblock_stitched/209FD0EB712584ABD2E928A70E7CAD2C7C3ACAB708F5D47E190A7A7BF7E2FEF2.webp
https://rwfiles.blob.core.windows.net/picturebrakeblockstitched/brakeblock_stitched/466B2CE2779A53387705AE0DEAF942C0F9E98F3547F8A1243F729169B48C61E1.webp
https://rwfiles.blob.core.windows.net/picturebrakeblockstitched/brakeblock_stitched/21C41727904952D2DEB50E413EA571891125B1BA70CC8CD8CC7EF7640F3A91FC.webp
https://rwfiles.blob.core.windows.net/picturebrakeblockstitched/brakeblock_stitched/AA4B2FC2AAF9C293A7908FA1B8AD294E6BB19A62F07D7A54123D0AE4E0D9ACDA.webp
https://rwfiles.blob.core.windows.net/picturebrakeblockstitched/brakeblock_stitched/937D5B8E6596949A218E061D2A4AEF7C639100601B0453F2CB2ADF58825092CD.webp
https://rwfiles.blob.core.windows.net/picturebrakeblockstitched/brakeblock_stitched/A025F7F2F4A43EB6EB31DE5871F9BA24817DC96FA1E37862CD7BF1ABF699AD8A.webp
https://rwfiles.blob.core.windows.net/picturebrakeblockstitched/brakeblock_stitched/6D887EE660039309084C7D5081775C6151C7A89877A1C6708E64DFE4EB8DA87F.webp
https://rwfiles.blob.core.windows.net/picturebrakeblockstitched/brakeblock_stitched/A09290169EBFD361508E2AF736BC0F2D235CAE2BD40A8AF73A242CA6C0931EAA.webp
https://rwfiles.blob.core.windows.net/picturebrakeblockstitched/brakeblock_stitched/193D162B9F72AB36A388C057770C18625FF56375155BDE06D91E4A72CFF24E74.webp
https://rwfiles.blob.core.windows.net/picturebrakeblockstitched/brakeblock_stitched/43F87BDDBAD405265773EEB769A183560D3CCFA0D75A3C5166922CE1AC5D9C9F.webp
https://rwfiles.blob.core.windows.net/picturebrakeblockstitched/brakeblock_stitched/B6FA23FC8FDD927B3B7504595431C652BB062A763A8E77445E483D10EF50D2E6.webp
https://rwfiles.blob.core.windows.net/picturebrakeblockstitched/brakeblock_stitched/F21D0C5099487900FE80A418836352AAACA2049F9A0957BC996B7F9BF69EAC78.webp
https://rwfiles.blob.core.windows.net/picturebrakeblockstitched/brakeblock_stitched/295B605B9D9C73E8271FE70C56B07611E1D43CC468C3126DE876367D95B114DF.webp
https://rwfiles.blob.core.windows.net/picturebrakeblockstitched/brakeblock_stitched/85D4C835A9F5B1602ECA3DFCF47FF43F5EED23D9213EB07C91304191C418875F.webp
https://rwfiles.blob.core.windows.net/picturebrakeblockstitched/brakeblock_stitched/4963A4F9BCE2974D08753328B12617D8805E6C715D9D11FF9F1EB8994B47B846.webp
https://rwfiles.blob.core.windows.net/picturebrakeblockstitched/brakeblock_stitched/26C12A49A30F56214407D8C9E252503A0494AC7DE82B250BB535E248F5A05318.webp
https://rwfiles.blob.core.windows.net/picturebrakeblockstitched/brakeblock_stitched/4963A4F9BCE2974D08753328B12617D8805E6C715D9D11FF9F1EB8994B47B846.webp
https://rwfiles.blob.core.windows.net/picturebrakeblockstitched/brakeblock_stitched/26C12A49A30F56214407D8C9E252503A0494AC7DE82B250BB535E248F5A05318.webp
https://rwfiles.blob.core.windows.net/picturebrakeblockstitched/brakeblock_stitched/30B48953064BF3D97C0FE27E333C68E48D7A9D089B4920CF51254081BCF95B29.webp
https://rwfiles.blob.core.windows.net/picturebrakeblockstitched/brakeblock_stitched/B957F4F38C33955AFECFD5D369D3511469A710C77F6D5BDDE1977342AD32014B.webp
https://rwfiles.blob.core.windows.net/picturebrakeblockstitched/brakeblock_stitched/7AE8B79EEE90D5769B414932BAFC6CEFAE2AACA8BF27AD2C0D2BFD3DE045C1D9.webp
https://rwfiles.blob.core.windows.net/picturebrakeblockstitched/brakeblock_stitched/2B16F35CCEE99F4FB0297940CD696B6D4B863CF2D5CB4D1CB09B2623B668FCAC.webp
https://rwfiles.blob.core.windows.net/picturebrakeblockstitched/brakeblock_stitched/609C8A79552CE3EDA31E04EE7ADD7F2A72209C37E6751E9ABCDE3E20CB73261A.webp
https://rwfiles.blob.core.windows.net/picturebrakeblockstitched/brakeblock_stitched/72A0563B49A1C3FB54C0BC1CF9171B576F581C5559039DF6C3C1CC743BB90D2B.webp
https://rwfiles.blob.core.windows.net/picturebrakeblockstitched/brakeblock_stitched/D54D4C7ED66B9BE1F530FF545606A4260E0FE38FA4DC6980F4691292D7B7762A.webp
https://rwfiles.blob.core.windows.net/picturebrakeblockstitched/brakeblock_stitched/5D8F74A4811E0ED15C12F2BFAAFD8A420E13DFFACAB0B5826D9A7FFE6ADC5B13.webp
https://rwfiles.blob.core.windows.net/picturebrakeblockstitched/brakeblock_stitched/E30AB11A67820D0298D5E2EE34F171686EBD5B81CB7F02A7E1CA0D99892B3DFF.webp
https://rwfiles.blob.core.windows.net/picturebrakeblockstitched/brakeblock_stitched/D06865307CBF03A2C3B694DE78C60EDF5637AA1C50CE80B4B0CA80C84F5C5FDC.webp
https://rwfiles.blob.core.windows.net/picturebrakeblockstitched/brakeblock_stitched/0F6B36D41C30744E0A6CAAA137E3C524EBE3CA7D775FE6010508675AF76DF1EB.webp
https://rwfiles.blob.core.windows.net/picturebrakeblockstitched/brakeblock_stitched/CA3297B8C9680DB734E22C72C7D287EE72331004B0048AD698AC16F7CA6A4D6A.webp
https://rwfiles.blob.core.windows.net/picturebrakeblockstitched/brakeblock_stitched/7FE318D09435E001DC3474F3EC9FA86F5F85078EF04E5BFF4546C5264D2ADC1B.webp
https://rwfiles.blob.core.windows.net/picturebrakeblockstitched/brakeblock_stitched/A87E7E952F95B9FC1C7C4EF387AE07F830E5FE05BCD69F00E041819FB7D81DC9.webp
https://rwfiles.blob.core.windows.net/picturebrakeblockstitched/brakeblock_stitched/7FFA2965FB4454EC3CA35029BA0CF4A0818214C066B2F482A70DE61351637101.webp
https://rwfiles.blob.core.windows.net/picturebrakeblockstitched/brakeblock_stitched/CE5F613DECD367A81694B64469218DC278D66A2722B573D98DF70296E76E0A7D.webp
https://rwfiles.blob.core.windows.net/picturebrakeblockstitched/brakeblock_stitched/51D918A130A8A24CDB88EE9AD36102393B50B987D2D3CBAD8A7D26FB19772584.webp
https://rwfiles.blob.core.windows.net/picturebrakeblockstitched/brakeblock_stitched/2EEA6BEE53AE96EE1F2821D84671A9B651BD59275F695D24989553E9E60E1838.webp
https://rwfiles.blob.core.windows.net/picturebrakeblockstitched/brakeblock_stitched/FCD16C5B4F6E9FE11C6B5ECA806298BDBB4AE6344EB6557BD9B51FDB63A4F4A7.webp
https://rwfiles.blob.core.windows.net/picturebrakeblockstitched/brakeblock_stitched/D03EA13E9A5B9563F7904E69E6DCBDB41E8EB74938E340FB7C173E12ED4E55FA.webp
https://rwfiles.blob.core.windows.net/picturebrakeblockstitched/brakeblock_stitched/5F1DB920F3AC4C5D84767EE1943ED86FB4F4EADCA92F5D5F2E440868278096E8.webp
https://rwfiles.blob.core.windows.net/picturebrakeblockstitched/brakeblock_stitched/0A4A845216D511D043BA30D464D9AFC6006F65EAE239B11BD043FFD4F463F729.webp
https://rwfiles.blob.core.windows.net/picturebrakeblockstitched/brakeblock_stitched/3C6E71C28A23F355EE8354AC18D08D8D76C9E010B267D944D2837EA237BD6F0F.webp
https://rwfiles.blob.core.windows.net/picturebrakeblockstitched/brakeblock_stitched/7C146D907D84499DA5409624397C2778BEDE0E1960D7E544674C723DECCF3A46.webp
https://rwfiles.blob.core.windows.net/picturebrakeblockstitched/brakeblock_stitched/D6A69AF4D3DFF428988FA7FBAB00F34D6CBFC2EC2A0A0D18448B6FEAB5AE6FDD.webp
https://rwfiles.blob.core.windows.net/picturebrakeblockstitched/brakeblock_stitched/D6FCFD6FD6DFBB1B333F881F5A9D91E6147AD61C18448062E2C98B30B62A873D.webp
https://rwfiles.blob.core.windows.net/picturebrakeblockstitched/brakeblock_stitched/FCE7DF0FF6236EC3EBBF55D0CD01B73E360950268E71200A6ED8E41257DB83CD.webp
https://rwfiles.blob.core.windows.net/picturebrakeblockstitched/brakeblock_stitched/0A9F2701A94EB54F262AA9FB69E4BE720B7ABC1C44B46B076D598F3E7B2C5289.webp
https://rwfiles.blob.core.windows.net/picturebrakeblockstitched/brakeblock_stitched/4351B2C5C8E3A93E19C76674D2E78807561D8F248355E04FA43668F80B7263FC.webp
https://rwfiles.blob.core.windows.net/picturebrakeblockstitched/brakeblock_stitched/8D42DAC0AAC2AFC7256D5C353877A2AAEA8A2D6D600D79ADB544D24A343AC049.webp
https://rwfiles.blob.core.windows.net/picturebrakeblockstitched/brakeblock_stitched/5B047E9EE106437803316FD102E1DFFB25232F61E033B284BA837D0A6509013C.webp
https://rwfiles.blob.core.windows.net/picturebrakeblockstitched/brakeblock_stitched/6D8868A7DDE2A48EC0DAE68F29F69E7DCB4013070F231C68B1FB978B1853C01F.webp
https://rwfiles.blob.core.windows.net/picturebrakeblockstitched/brakeblock_stitched/7AFBE48E07DE7EB3022D5B1F8F207FEB4E11065CD29F619D30DD3C4A1A04891A.webp
https://rwfiles.blob.core.windows.net/picturebrakeblockstitched/brakeblock_stitched/64B2960B88F581E767B4869884B370C0454DA74E9D9479BE5344019A8C326744.webp
https://rwfiles.blob.core.windows.net/picturebrakeblockstitched/brakeblock_stitched/D772C72C4BB5238DC71F592368AB1102F8AC3B147FCD3AFBD73F4E551EC6E793.webp
https://rwfiles.blob.core.windows.net/picturebrakeblockstitched/brakeblock_stitched/35305DA09DD612540706A6117202B9F66942B134DD5EF535BFAD22C00AFD8CDF.webp
https://rwfiles.blob.core.windows.net/picturebrakeblockstitched/brakeblock_stitched/F16C1379011031BA226DD028F68471F8E4FE448141ADBEB72E0BFBA459745033.webp
https://rwfiles.blob.core.windows.net/picturebrakeblockstitched/brakeblock_stitched/3FD79E66542A3572EF13E8DC9EC27D5D799F04502000C68AAAA9554A30F7F781.webp
https://rwfiles.blob.core.windows.net/picturebrakeblockstitched/brakeblock_stitched/5C83C92A6AEAA11AC45DD04E47393DE4E6F2F07DE514D0361310F886E2BB458A.webp
https://rwfiles.blob.core.windows.net/picturebrakeblockstitched/brakeblock_stitched/82F9B6277B1C3BFB026DE161A0D9282305B46100A7C0FACCE00791DFFFC7F8A3.webp
https://rwfiles.blob.core.windows.net/picturebrakeblockstitched/brakeblock_stitched/890BAFD6CC1E884A6BCEB49F8846DE7A5BA2D12FDD943BA62B9E372B9FBE5FEB.webp
https://rwfiles.blob.core.windows.net/picturebrakeblockstitched/brakeblock_stitched/A63EC6C0463B79FF58F4258957CCE98E3043F7309EC3377500E4CE7154586C7B.webp
https://rwfiles.blob.core.windows.net/picturebrakeblockstitched/brakeblock_stitched/1E572DF5557169E30143BE14096D198B11CDDB63DADA5393CDE5C9F2E45B58B9.webp
https://rwfiles.blob.core.windows.net/picturebrakeblockstitched/brakeblock_stitched/8494CB61ABDA988ECDC47378E872C9883FD7BFDFAB85A9C675F6D797E5921B8D.webp
https://rwfiles.blob.core.windows.net/picturebrakeblockstitched/brakeblock_stitched/C43CFF86F26BEA96FB7712E97D8C525DCBA47DADE3970CBB2754CA855C8EA6E7.webp
https://rwfiles.blob.core.windows.net/picturebrakeblockstitched/brakeblock_stitched/87C99231111B1EA582FAE3A71035145C639457A57D62E31749EA85A3C198D1A5.webp
https://rwfiles.blob.core.windows.net/picturebrakeblockstitched/brakeblock_stitched/A0CACFE1ECD5925722B5B820B2AF4671540AA123540E61DB95094BA9E075AEAB.webp
https://rwfiles.blob.core.windows.net/picturebrakeblockstitched/brakeblock_stitched/028B331E45D06406CDCA7E9AE2C2EE6C0C94C07404E988C397CCAD09C521DC80.webp
https://rwfiles.blob.core.windows.net/picturebrakeblockstitched/brakeblock_stitched/82042A962C9A920907A579B843EF0D0852255F03254E2942B0F6E11A02B0687A.webp
https://rwfiles.blob.core.windows.net/picturebrakeblockstitched/brakeblock_stitched/924D2F4DB698F62DB90217E6A010F13BA8BC236856A8397E4AB6393F1458F1CE.webp
https://rwfiles.blob.core.windows.net/picturebrakeblockstitched/brakeblock_stitched/C59D2531BEBCFE2A38C18B6C7265ACDAC6A8CBFA4C64C85134646ABD02FAC8F9.webp
https://rwfiles.blob.core.windows.net/picturebrakeblockstitched/brakeblock_stitched/3CC9BE8924CB1C2897F0A4B1DCF10E4013FDF97EFEE3756CD86C5450712B5DAC.webp
https://rwfiles.blob.core.windows.net/picturebrakeblockstitched/brakeblock_stitched/724A2AAF4C0A4E61060BBA1453101457615B89D066635050EFE249BB3BF28769.webp
https://rwfiles.blob.core.windows.net/picturebrakeblockstitched/brakeblock_stitched/AC33D50DEA72F3C289DDD0001C3E522A11ACE7D63780E8FBF3F30E93FC24B28D.webp
https://rwfiles.blob.core.windows.net/picturebrakeblockstitched/brakeblock_stitched/18E3667F9EC5E3CDE255AAF9B6E5EE1401B9C2283F4B5CB76502141133110CC1.webp
https://rwfiles.blob.core.windows.net/picturebrakeblockstitched/brakeblock_stitched/2D37688547FBDF62FB0250847E8B3D66F54330BF4DB5EC0459B8CDA450CEF46C.webp
https://rwfiles.blob.core.windows.net/picturebrakeblockstitched/brakeblock_stitched/0006F4111B52D7692424E0E3F14DBD1BBA337DDF05C64476C056045DB0F8DFEA.webp
https://rwfiles.blob.core.windows.net/picturebrakeblockstitched/brakeblock_stitched/B8DD99DA11E2E0E60E2700B4A724FD4D74E45944E375DACDC7DAAACF94A2419F.webp
https://rwfiles.blob.core.windows.net/picturebrakeblockstitched/brakeblock_stitched/3AE0D13D46CFF2A88487629A5DC265660B71E4F273FB5E2270A3A262FD2FB2F0.webp
https://rwfiles.blob.core.windows.net/picturebrakeblockstitched/brakeblock_stitched/81FB26957036E9A1F3E8C97F9649661ED6D8A67DC5FDCA61E59A655CE04C3552.webp
https://rwfiles.blob.core.windows.net/picturebrakeblockstitched/brakeblock_stitched/0CCA38E9F5A0ECAAC70D789A40CD41E1F32294B967802332F70063389E9E1052.webp
https://rwfiles.blob.core.windows.net/picturebrakeblockstitched/brakeblock_stitched/43871BA27855E286E18BC0B97819A27E3BA4746A9753CC03F52B490AACCF8D44.webp
https://rwfiles.blob.core.windows.net/picturebrakeblockstitched/brakeblock_stitched/6862CE630445C4B81AEE8D56F98A2356BF7D242E79C24360781A883F312535A9.webp
https://rwfiles.blob.core.windows.net/picturebrakeblockstitched/brakeblock_stitched/2CC503EF48CA4E473706EAB56C75312128F44609E2164B59F8B79AC2785DF188.webp
https://rwfiles.blob.core.windows.net/picturebrakeblockstitched/brakeblock_stitched/BDBA70C8E132784BB9306E8EBE569C3587BE353AE9E7FAB8A14A3E8C1030EDDC.webp
https://rwfiles.blob.core.windows.net/picturebrakeblockstitched/brakeblock_stitched/1E86C265A349EC990A5FD78DFF764E303F979750F849A20028458FFE1BF8A485.webp
https://rwfiles.blob.core.windows.net/picturebrakeblockstitched/brakeblock_stitched/5A373FB87D64E784016E49644764B0198497A0C8CB46675E00EAD426D76D4830.webp
https://rwfiles.blob.core.windows.net/picturebrakeblockstitched/brakeblock_stitched/DA3511C0DA34226994BA6BAF43D8D7560B8EB1B426FEAF927FBAE827930BFB88.webp
https://rwfiles.blob.core.windows.net/picturebrakeblockstitched/brakeblock_stitched/86AE1F5108EF3DA38351282590F19701DFDE808A9E56C13A889B5FF40B15A2E6.webp
https://rwfiles.blob.core.windows.net/picturebrakeblockstitched/brakeblock_stitched/CB2E855913E1F7A908C80974E170929AFA7678E4A461D0E62A4721135516CE73.webp
https://rwfiles.blob.core.windows.net/picturebrakeblockstitched/brakeblock_stitched/B30C85096A4FC472E377A8A4DAC52D8E322202416C5EBA1FFE52EF8AE306B2BF.webp
https://rwfiles.blob.core.windows.net/picturebrakeblockstitched/brakeblock_stitched/77456C0F5526E4EBB1E8FB0C1D77A2E9BAA43C6E40FFA71A98C590EF8CFD1AEF.webp
https://rwfiles.blob.core.windows.net/picturebrakeblockstitched/brakeblock_stitched/26DA3F33DD43ADDABC582BA053ACC1A5D80F16940AA1CE9E215C7A35DB7D6DF2.webp
https://rwfiles.blob.core.windows.net/picturebrakeblockstitched/brakeblock_stitched/54950387539547C1D921ABFAA574D086CD046724E2F73B3D50A53850572E80BE.webp
https://rwfiles.blob.core.windows.net/picturebrakeblockstitched/brakeblock_stitched/D3277B83060AD015DD78BE6A0E4BF12F0B4C410DB6FEB7DC4440FCB2D07E2C22.webp
https://rwfiles.blob.core.windows.net/picturebrakeblockstitched/brakeblock_stitched/52BF503D97EB81C7DC8C1F1F592F1140417FD52C439455CD530ABA819C9174D6.webp
https://rwfiles.blob.core.windows.net/picturebrakeblockstitched/brakeblock_stitched/C0A502D2FF32F010ECABE92F087AD010E9236B6DA98D363A9CCE3FBB5593E2AE.webp
https://rwfiles.blob.core.windows.net/picturebrakeblockstitched/brakeblock_stitched/06E39BBB5428FE97EE121C9B664E142CFFCB7A2488AB7C2D14A62AC7C1875524.webp
https://rwfiles.blob.core.windows.net/picturebrakeblockstitched/brakeblock_stitched/AE3C2501DC163AAE6ED422B8336F1DF799066266825C32CE2FF3A561A9F8927A.webp
https://rwfiles.blob.core.windows.net/picturebrakeblockstitched/brakeblock_stitched/BEABF5054D24C8D48F8CBF2039A4DDA07212B82B4A47436AA10F4364A849DEC3.webp
https://rwfiles.blob.core.windows.net/picturebrakeblockstitched/brakeblock_stitched/086A8057E7F3FCA139918D01F3561555433B17ADAEAD15BE62C323CA6DC7D97D.webp
https://rwfiles.blob.core.windows.net/picturebrakeblockstitched/brakeblock_stitched/4A1A37276551ECFDCC72328E7AAAE5369AA18E101B44CD3E403FBE42814DBA47.webp
https://rwfiles.blob.core.windows.net/picturebrakeblockstitched/brakeblock_stitched/21140EA724B736EBBFB0201F490B1ECE0E435352D5DBD9036E5623F6AD89C9BC.webp
https://rwfiles.blob.core.windows.net/picturebrakeblockstitched/brakeblock_stitched/6BD4DB325785A548F2E0ACFC0DB8ECBC9E6138C0A257B20042A310807C912FDF.webp
https://rwfiles.blob.core.windows.net/picturebrakeblockstitched/brakeblock_stitched/2FBDD8341A6B843E6ACF1669D0A30DE69A2D6E7B886EF51F42A9563DB78D2283.webp
https://rwfiles.blob.core.windows.net/picturebrakeblockstitched/brakeblock_stitched/6FB9DB01B74C3BBD774C47D4A15E7F32B9BE82FB4934DB0C2A66E389D52D12C4.webp
https://rwfiles.blob.core.windows.net/picturebrakeblockstitched/brakeblock_stitched/F74BF9C103A99DA24E0E6C3738AC12D8855A1936248F00608BFFDF991BB6DFE9.webp
https://rwfiles.blob.core.windows.net/picturebrakeblockstitched/brakeblock_stitched/CD26E443F2CD4B00BFA8B9F523F4E253195A0AACE4850D5FC135AB4C1407AD2A.webp
https://rwfiles.blob.core.windows.net/picturebrakeblockstitched/brakeblock_stitched/492AE47C4C16938D43A25830B273DE6A90E5523A498733982CDD37298FAE1C54.webp
https://rwfiles.blob.core.windows.net/picturebrakeblockstitched/brakeblock_stitched/49E973E84E81A663A43C5A87E2E60B4B426DD0F04C6DADFDE56A9245E34415AB.webp
https://rwfiles.blob.core.windows.net/picturebrakeblockstitched/brakeblock_stitched/8D2AFAF154126E0F1719CADEDFCA283BADA8A7C8EBC0CEA3ED3B75B8502788FC.webp
https://rwfiles.blob.core.windows.net/picturebrakeblockstitched/brakeblock_stitched/3B1BEA14B7EB4F5AB25A1B1E13692EEDCC4AC0A3252EEB08126A8BA40390A8F8.webp
https://rwfiles.blob.core.windows.net/picturebrakeblockstitched/brakeblock_stitched/85FD9BF7244435A90154B488E12F27294EC9AC0288752B289454DC8E28D9222A.webp
https://rwfiles.blob.core.windows.net/picturebrakeblockstitched/brakeblock_stitched/BCE3CA7700ADBA7BF3566C7A8F73EF6CA694AE972ACAD88EC799D359100FC831.webp
https://rwfiles.blob.core.windows.net/picturebrakeblockstitched/brakeblock_stitched/D8022211A47C7162EEF843DA9AC5A5A036E40D949221F6E6BFE930324FEB3D9C.webp
https://rwfiles.blob.core.windows.net/picturebrakeblockstitched/brakeblock_stitched/B6967B9544A0D2080FC35DC2990ED44E117421A4EC2255005271EC2218B09B7F.webp
https://rwfiles.blob.core.windows.net/picturebrakeblockstitched/brakeblock_stitched/FB38942AA418F4495B397C0D7E11C072E9C6F2E469A2662BAD7788C6BBB279F3.webp
https://rwfiles.blob.core.windows.net/picturebrakeblockstitched/brakeblock_stitched/DC328C5344775B84C7121D5B8EFEBA675A685241190CC0CAD1B223D1477300A8.webp
https://rwfiles.blob.core.windows.net/picturebrakeblockstitched/brakeblock_stitched/BBE4941F419A06C061FBDCDF5BF9D03AF57DB48389E6E904B7E7FC2866B2412F.webp
https://rwfiles.blob.core.windows.net/picturebrakeblockstitched/brakeblock_stitched/A6C4181B221BAF19F5955ACC71BF4F617D98208ED80FD443A6808809E1FECFF9.webp
https://rwfiles.blob.core.windows.net/picturebrakeblockstitched/brakeblock_stitched/967C6694B7E297BC3B425DE33AA208F1ACD144FD8FCD47C16DA143367BE8B110.webp
https://rwfiles.blob.core.windows.net/picturebrakeblockstitched/brakeblock_stitched/72C350BB958073DB534AD89050A9B761781545424E6F52E94837609DC108AFC5.webp
https://rwfiles.blob.core.windows.net/picturebrakeblockstitched/brakeblock_stitched/7120977AF7D718249A520E59BB3801A117A88F46C932A86515D9AC528F0A7C13.webp
https://rwfiles.blob.core.windows.net/picturebrakeblockstitched/brakeblock_stitched/9B576E4C4A887B38AF9BF01DAF6FADBCF20DA68F7BC4F31B6496965EB4F5B6DD.webp
https://rwfiles.blob.core.windows.net/picturebrakeblockstitched/brakeblock_stitched/0A0CF0433E9C4D0652001CAB216FD688421C4371DA98C5003F7AF388B79E40B1.webp